top that,EDM,615,1,frederick-velez.com,2005
hundred school,Heavy Metal,915,2,wright-ramirez.com,2005
son store,Heavy Metal,713,3,romero-gilbert.com,2019
each decision,Hip Hop,966,4,henderson.com,1981
past score,Soundtrack,95,5,rogers.com,2011
game energy,Soundtrack,55,6,valdez.biz,1987
above along,Rock,220,7,rodriguez-cummings.com,1976
ok turn,Hip Hop,347,8,castillo-smith.org,1978
health very,EDM,338,9,fischer.com,1996
center heart,Rock,85,10,glenn-ball.info,1998
race special,Soundtrack,346,11,dickson.info,2016
rest special,Hip Hop,727,12,doyle-long.com,1988
model trade,Pop,785,13,thompson-davis.com,1984
win set,EDM,949,14,bullock-patel.biz,1974
high let,Hip Hop,887,15,smith.org,1994
decision other,Pop,823,16,hernandez.com,2001
for between,EDM,740,17,lopez.com,1994
house company,Pop,384,18,gomez.com,1995
central daughter,Hip Hop,421,19,fisher.com,1986
hot listen,Soundtrack,141,20,stewart-monroe.com,2010
something across,Hip Hop,105,21,bell.com,2015
ability music,EDM,944,22,owens.biz,2012
federal between,Pop,964,23,nelson.com,1989
although cultural,Rock,625,24,fields.com,1976
administration industry,Metal,327,25,luna.info,1983
past probably,Metal,516,26,fleming.net,1990
language evidence,Pop,44,27,mendoza.com,2008
lay house,EDM,36,28,mitchell.com,1976
can center,Rock,1000,29,medina.biz,1976
wait every,Rock,765,30,campbell-greene.com,1973
far toward,EDM,252,31,wright.net,1997
least head,Metal,207,32,armstrong.com,2014
agreement few,EDM,932,33,kaufman.biz,1986
left miss,Country,228,34,harmon.com,2018
husband American,Hip Hop,847,35,wilson-dunlap.com,2011
prepare party,Soundtrack,269,36,olson.com,2020
draw television,Rock,868,37,dixon-martin.com,2002
pattern against,Pop,611,38,wilson-johnson.com,1995
call only,Pop,207,39,gonzalez-williams.com,1974
interest sea,Soundtrack,626,40,hodges.com,1980
Republican we,Soundtrack,623,41,gregory.org,1985
weight certain,Metal,161,42,mclaughlin.info,1978
bring specific,Country,503,43,allen-henderson.com,1981
company table,Metal,985,44,hudson.com,2008
summer must,Rock,719,45,ramirez-sheppard.com,1977
today national,Rock,401,46,osborn.info,1983
land debate,Metal,706,47,manning.com,1987
prove similar,Pop,68,48,rivera.com,2006
respond myself,Country,111,49,hill.com,1984
reality decide,EDM,186,50,smith-perez.org,1990
cost painting,Country,364,51,walters.com,1972
kind maybe,Hip Hop,239,52,sanchez.com,1996
southern show,Rap,970,53,doyle.biz,1972
base yard,Rock,710,54,simpson.com,1979
seem thought,Rock,454,55,shepherd.com,1990
deal station,Country,102,56,king.com,1993
wear although,Pop,761,57,rice-santos.com,1998
organization pick,Pop,341,58,wright.org,2017
treatment everyone,Rap,582,59,lewis.com,2010
training anyone,Rock,565,60,ramsey-white.biz,1979
radio ball,Hip Hop,211,61,hayes-bruce.com,2002
stay issue,EDM,918,62,obrien-long.com,1982
image all,Pop,152,63,clayton.org,2016
travel firm,Country,179,64,dodson-butler.com,1982
similar fund,EDM,168,65,bryant.com,1982
design even,Soundtrack,486,66,mcdaniel.org,2013
wall across,EDM,519,67,mack-hardin.org,1995
such ball,EDM,47,68,lee.net,1982
physical yourself,Hip Hop,717,69,rivera.com,2006
quickly fly,Rock,351,70,bates.com,2009
own cost,Country,600,71,barton-garcia.com,1984
identify reduce,Soundtrack,344,72,johnson-wilkins.com,1993
should car,Pop,892,73,perkins-cantu.com,1974
yard according,Country,223,74,mitchell.com,1975
message nature,Rock,956,75,davidson.com,1979
figure example,Pop,552,76,waters.net,2002
risk run,Heavy Metal,248,77,anthony.org,2012
may research,Pop,841,78,reed.com,1973
national night,Metal,907,79,nelson.com,2018
wide move,Hip Hop,156,80,munoz.info,2013
spring prepare,Metal,426,81,cohen-greer.biz,2012
safe treat,Soundtrack,752,82,hood.info,1996
mouth personal,Soundtrack,402,83,miller.com,2017
however police,Rap,120,84,higgins-harris.com,1998
citizen entire,Rap,608,85,russo.com,1990
indeed worry,Metal,718,86,decker.net,1984
parent begin,Rock,622,87,ramsey.com,2008
sometimes however,Country,853,88,walker.com,2003
what off,Hip Hop,871,89,mccoy.com,1999
true build,Hip Hop,550,90,ingram.com,1982
none anyone,Hip Hop,101,91,wade.com,1976
officer throw,Heavy Metal,854,92,hartman.org,1974
decide floor,Rock,332,93,ferguson-cox.com,1975
newspaper four,Metal,440,94,kelly-vasquez.com,1983
teacher guess,EDM,514,95,frazier-flores.info,1988
sit respond,Soundtrack,134,96,preston-greene.com,1970
sound science,Pop,565,97,daniel.com,1988
fast relationship,Hip Hop,494,98,davis.com,1988
film large,EDM,627,99,ho-lee.biz,2006
company safe,Rock,45,100,floyd-foster.com,2000
office leave,Pop,568,101,garcia.com,2009
order ready,EDM,469,102,campbell.com,1996
near act,Soundtrack,152,103,norton.biz,1996
case identify,Soundtrack,892,104,harrison-dunn.com,1989
suggest among,Heavy Metal,130,105,thomas-kent.com,2003
remain voice,Rock,541,106,johnson-hill.com,1986
address economy,Heavy Metal,252,107,perez.org,1984
result course,Soundtrack,384,108,matthews-levine.com,1984
because main,Soundtrack,410,109,franklin.org,1996
specific time,Country,989,110,peterson.biz,1970
poor artist,Metal,788,111,ho-jackson.com,1975
myself down,Pop,450,112,smith-perez.com,1994
adult join,Metal,513,113,wilson.com,1982
just cup,Metal,619,114,tate.com,1970
today reduce,Pop,339,115,cohen.info,1987
risk wish,Country,206,116,maynard.info,2017
such while,Pop,811,117,valentine.com,1985
manage including,Country,708,118,tyler-owens.com,1974
behavior walk,Country,711,119,hamilton.biz,2006
meeting television,Hip Hop,610,120,murray.com,1975
issue Republican,Rap,513,121,solis-ewing.info,2020
care guy,Heavy Metal,89,122,mercado.com,1986
behavior especially,EDM,634,123,lewis-bautista.com,1984
eight create,Rap,315,124,martinez-johnson.com,2002
life security,Heavy Metal,508,125,benitez.org,1996
my again,Country,433,126,barnes.org,1988
anyone stop,Soundtrack,426,127,walters-murphy.com,2006
reflect pressure,Pop,547,128,cole-vazquez.com,1974
admit send,Soundtrack,32,129,mitchell-lyons.net,1977
meet political,Pop,908,130,patterson.org,1981
rock probably,Metal,675,131,torres-gray.com,1979
rich research,EDM,933,132,clarke.com,2000
feeling beyond,Hip Hop,593,133,washington.com,1995
analysis chair,Rock,857,134,stanley.info,1974
suggest never,Rap,850,135,barry.com,2017
final spend,Pop,868,136,stone-carter.com,2019
room general,Heavy Metal,416,137,lopez-smith.info,1977
about she,Heavy Metal,537,138,lewis.info,1991
character charge,Pop,962,139,kennedy-hall.org,1990
sister sure,Rock,979,140,morales.com,2016
cut politics,Hip Hop,678,141,barnes-lynch.com,1992
about large,Heavy Metal,266,142,young-morse.com,1987
do simple,Country,721,143,harris-reeves.com,1987
white evening,Pop,263,144,walter.com,2019
should course,Soundtrack,162,145,schmitt-hamilton.net,2007
occur hit,Country,325,146,hanson-greene.biz,1973
within serve,Pop,325,147,melendez.com,2002
quality generation,Hip Hop,816,148,brown-hubbard.com,2015
move table,Country,291,149,vaughan-gentry.com,2006
of bring,EDM,837,150,williams.com,1996
require forget,Rap,333,151,ross-noble.biz,1993
contain child,Heavy Metal,425,152,castro.net,2004
herself yet,Heavy Metal,350,153,marshall.com,1983
only pattern,Pop,148,154,flores-arnold.com,2020
agree create,Country,396,155,reid-perez.com,2015
mouth these,Pop,819,156,gordon.com,1987
recent begin,Country,56,157,taylor.net,1974
letter trial,Pop,773,158,shelton.com,1990
method ok,Soundtrack,677,159,alvarez.net,1993
support mouth,EDM,114,160,brown-glover.com,1989
do lot,Country,786,161,carter.com,2011
suddenly society,Hip Hop,913,162,johnson-frank.com,1981
produce better,Rap,834,163,gordon-delacruz.info,1971
risk federal,Hip Hop,470,164,edwards.net,1981
sell attention,Rock,658,165,gibson.com,1995
you onto,Country,979,166,colon-brown.com,1976
travel economic,Pop,715,167,stanley.info,2011
maintain matter,Rock,361,168,dixon.info,2001
appear media,Rap,678,169,bryan.net,1992
toward able,Country,477,170,martin.com,2012
other everyone,Country,735,171,anderson-villegas.net,2012
spend spring,Metal,734,172,thomas.info,2019
also catch,Pop,906,173,downs-brewer.biz,2015
should ask,Metal,494,174,smith.biz,1985
staff down,Hip Hop,577,175,coffey-lane.net,2010
challenge often,Heavy Metal,247,176,mueller-pierce.com,1972
card stuff,Rock,161,177,chen-robinson.com,1971
behavior audience,Soundtrack,880,178,myers.org,1974
push cultural,Metal,372,179,goodwin.com,2009
appear keep,Country,593,180,haley.com,2008
able seat,EDM,536,181,phillips-nelson.net,2019
start off,Rock,686,182,finley.com,1997
outside know,Rock,553,183,cobb.biz,1993
discuss history,Hip Hop,1000,184,lee-alvarado.com,1983
west sign,Rap,362,185,giles-torres.info,2017
western concern,Metal,820,186,roberts.com,2003
military impact,Rap,554,187,harmon.info,1996
find memory,Soundtrack,604,188,garcia.biz,2015
inside relate,Soundtrack,424,189,huang-phillips.com,1993
current enter,Soundtrack,748,190,ortiz.info,2014
head month,EDM,639,191,flores.org,2000
those fight,Hip Hop,584,192,bonilla-foster.com,2012
people forward,Pop,881,193,nichols.biz,1977
notice from,Metal,870,194,lester.org,1995
should within,Metal,586,195,vargas.com,2013
cut maintain,Hip Hop,952,196,neal.info,2004
seem low,Rock,416,197,davis.com,1970
citizen hand,Rap,927,198,smith-matthews.com,2012
bill great,Heavy Metal,44,199,edwards.net,1984
live population,Rap,824,200,jones-martinez.biz,2019
real fall,Hip Hop,672,201,morton.com,2017
large assume,Country,884,202,wilkins.info,1984
contain Democrat,Hip Hop,122,203,parker-martinez.com,2020
glass before,Rap,879,204,nunez-baker.net,1985
program more,Country,226,205,moran.com,1974
old west,Pop,41,206,jones.com,1970
court two,Rock,747,207,evans-martinez.com,2008
space traditional,Hip Hop,448,208,figueroa.net,1986
word final,Rock,644,209,davenport.com,2006
like home,Metal,872,210,phillips.biz,1981
specific analysis,Metal,936,211,glenn.com,1973
situation sure,Hip Hop,820,212,smith.org,1997
friend suggest,Hip Hop,355,213,tyler-york.com,1977
new attention,Metal,393,214,bell-snyder.com,1972
color police,Rap,529,215,villa-green.info,1980
history important,Rock,764,216,dougherty.biz,1995
choice site,Rock,580,217,morales-wagner.biz,1993
doctor story,EDM,937,218,armstrong.biz,2002
three white,Hip Hop,987,219,king.com,2017
magazine whom,Soundtrack,582,220,bowen.com,2020
today campaign,Rock,565,221,rollins.com,2014
red attention,Heavy Metal,90,222,reeves.biz,1988
will charge,EDM,632,223,dougherty.info,1976
personal north,Rock,174,224,gray-martin.com,2014
figure fact,Hip Hop,406,225,ryan.biz,1992
skill sit,Metal,517,226,deleon.org,1971
cause customer,EDM,202,227,moore-weber.com,1979
white increase,Metal,260,228,ford.biz,1983
senior wrong,Rock,501,229,bender.com,1995
country should,Soundtrack,635,230,hart.org,2007
know son,Rock,625,231,scott.biz,2014
cell nor,Soundtrack,357,232,wilkerson.net,2009
character weight,Country,723,233,callahan-carey.info,2000
husband small,Rock,544,234,fowler.com,1972
speak risk,Pop,855,235,chapman.com,2004
west page,Rap,745,236,jordan-williams.com,2004
name positive,Metal,595,237,gardner.com,2011
use rather,Heavy Metal,344,238,hill-ellis.com,2003
nation individual,Heavy Metal,721,239,perez.com,2017
effort claim,Country,615,240,reid.info,1974
consumer player,EDM,480,241,washington-randolph.com,2011
little life,Pop,197,242,howard.biz,1988
left can,Hip Hop,129,243,singleton-jones.net,1972
all economic,Hip Hop,157,244,wheeler.com,1993
whose yes,Rock,445,245,davila.com,2015
arm while,Soundtrack,678,246,james-frazier.com,2008
manager wish,Heavy Metal,377,247,navarro.com,1998
dinner top,EDM,806,248,phillips.com,1986
minute spend,Soundtrack,641,249,avila-bell.net,1994
service source,Heavy Metal,264,250,bell.com,2004
amount article,Soundtrack,456,251,hanson.com,1994
school charge,Hip Hop,376,252,valentine-morris.com,1978
return phone,Heavy Metal,331,253,roberts.org,2013
happen follow,EDM,494,254,moreno.com,1978
early four,Rock,880,255,bailey.com,2011
Mrs already,Pop,465,256,campbell.com,1982
world information,Rap,992,257,allen.info,2013
during system,Rap,876,258,meadows.com,1979
authority whether,Rap,248,259,carr-payne.biz,2009
its exactly,Soundtrack,123,260,morgan.com,1980
action for,Metal,760,261,woodard.biz,1976
organization we,Rock,117,262,perry.biz,1977
same still,Rap,916,263,mcbride-stewart.com,2014
give month,Rock,100,264,cooley.biz,1992
represent campaign,Hip Hop,448,265,small-rogers.com,1985
ground guess,Rap,866,266,johnson.net,1997
break positive,Rap,106,267,singh-williams.com,2003
see begin,Country,759,268,gibbs-thomas.biz,1972
eye game,Heavy Metal,115,269,boone.com,1987
meeting statement,Soundtrack,712,270,booth.com,2010
piece interesting,Rap,550,271,reynolds.net,2020
western protect,Rap,793,272,wolf.com,1992
well national,EDM,46,273,olson.com,2005
prevent economy,Pop,661,274,baker.com,2002
admit measure,Soundtrack,927,275,smith-gonzalez.com,1986
term that,EDM,207,276,novak.com,1993
ready same,Pop,539,277,welch.net,2019
American should,Rap,267,278,brown.org,2006
computer hard,Metal,287,279,harper-bullock.com,1988
beyond seem,Rock,155,280,gonzales-contreras.com,2001
sea dream,Hip Hop,554,281,anderson-parsons.com,1983
worker image,Country,110,282,aguirre.com,2010
as human,Rap,914,283,hall.info,1999
professional right,Country,587,284,lee.info,1977
question bit,Hip Hop,297,285,williams.net,1991
buy in,Metal,800,286,sullivan.biz,1990
wonder rise,Pop,35,287,smith.net,2006
brother focus,EDM,869,288,hickman.com,1980
away anything,Rock,293,289,krueger-sutton.info,2003
it area,Rap,192,290,smith.com,2002
involve reality,Country,88,291,stewart.com,1990
threat national,Hip Hop,633,292,hendrix.com,1973
soon determine,Rock,276,293,edwards.com,2016
possible alone,EDM,627,294,williams.net,1983
appear challenge,Rock,669,295,wiley.com,1975
detail though,Heavy Metal,236,296,hoffman.com,2000
yard identify,Pop,217,297,jenkins.com,1993
line source,Rock,672,298,rivera.org,1994
him answer,Rap,52,299,fitzgerald.com,1992
wish move,Rap,633,300,hubbard.com,1980
idea surface,Rap,287,301,vasquez-perkins.com,2001
support record,Rock,40,302,davila.biz,2005
to business,Soundtrack,557,303,taylor.com,2011
middle maybe,Rock,271,304,gonzalez.org,1985
add measure,Soundtrack,800,305,myers-logan.info,2013
ago region,Rap,363,306,cummings.org,1990
Mrs sit,EDM,973,307,wilson.com,1977
in according,Rock,668,308,fisher.org,2013
end idea,Country,255,309,smith.com,2015
could beat,Soundtrack,310,310,williams-carter.info,2019
contain agency,EDM,963,311,hines-nguyen.org,2017
figure cultural,Rap,640,312,melendez.com,1995
family easy,EDM,34,313,davis-navarro.info,1970
laugh his,Soundtrack,694,314,hardy-bowers.com,2016
more teacher,Heavy Metal,242,315,shepherd.com,1979
final realize,Soundtrack,719,316,johnson-barron.com,1991
task hit,Metal,872,317,west.org,1991
pay of,Metal,696,318,mcgee.com,1993
evening difficult,EDM,287,319,kelly.com,2011
voice stay,Rock,321,320,murillo-daniels.info,2011
down program,Pop,864,321,smith.com,1972
far purpose,Hip Hop,459,322,wolf.com,2003
sister fund,Soundtrack,603,323,burgess.com,1984
form word,Country,540,324,cobb-lambert.com,1977
charge less,Metal,745,325,smith-saunders.com,1990
report best,EDM,62,326,cole-becker.com,1979
impact minute,Rap,188,327,smith.com,1985
mission song,Heavy Metal,792,328,whitaker-carroll.com,2014
be reach,Metal,702,329,dyer.com,1983
responsibility provide,Pop,369,330,carter-wilson.net,1998
size voice,Country,890,331,perez.com,1973
sure property,Heavy Metal,443,332,baker.com,2002
training upon,Soundtrack,141,333,espinoza.net,2013
PM arrive,Rap,796,334,lee.net,1982
natural go,Hip Hop,225,335,bowman-vargas.com,1992
while only,Heavy Metal,205,336,jones-webster.com,1989
include final,Soundtrack,938,337,williams-chavez.com,2013
wait remain,Pop,860,338,nichols.info,2018
better experience,Soundtrack,771,339,reilly.com,2016
establish show,Rap,599,340,clark.net,1976
despite many,Heavy Metal,106,341,jones-smith.com,1976
life only,EDM,747,342,jenkins.com,2001
enter official,Metal,228,343,scott.com,1988
list water,Hip Hop,570,344,baird-davis.com,1973
season occur,Country,275,345,bowen.org,1984
friend care,Rap,811,346,smith.info,1970
hundred add,Rap,949,347,kline-bryan.com,2006
case edge,Rap,569,348,krueger.info,2015
allow garden,EDM,627,349,perez-rodriguez.com,2004
task since,Metal,82,350,valdez.com,1999
traditional less,Pop,308,351,mason-martinez.com,2016
top attention,Rap,297,352,acosta.biz,2010
pick difficult,Metal,525,353,frank-patterson.com,2018
baby budget,Pop,108,354,murphy.info,1979
which listen,Hip Hop,586,355,valentine.info,1992
president type,Soundtrack,559,356,campbell.com,1983
admit nothing,Country,920,357,arnold.info,2005
recent arrive,Hip Hop,877,358,gross-moran.biz,1977
break control,Country,800,359,mercado.com,1985
east population,Pop,773,360,campos-hayes.com,2020
until standard,Hip Hop,593,361,delacruz.com,2008
party detail,EDM,118,362,miller-smith.info,1974
pull thought,Rap,842,363,waller.com,1992
bar buy,Hip Hop,846,364,powell.net,2017
hear low,Metal,541,365,ramirez-taylor.com,2001
every business,Rap,886,366,stout.org,2017
film from,Soundtrack,183,367,glover-hanson.com,1992
wear man,Rock,333,368,branch.com,1983
black firm,Rock,473,369,smith-hurley.com,1991
maintain thousand,Rap,154,370,reynolds.com,1971
simple conference,EDM,608,371,perez-daniels.info,1988
production notice,EDM,384,372,valenzuela-mcdonald.info,1971
such rate,Hip Hop,757,373,gibson.com,1998
her particular,Rap,808,374,medina.info,1980
similar choice,Hip Hop,439,375,adams.com,2012
return common,Rap,140,376,smith.com,1999
stock fund,Hip Hop,73,377,johnson-mcdaniel.com,1987
whatever defense,Rock,596,378,shepherd-wallace.com,1984
field Congress,Heavy Metal,701,379,hall.com,1985
we doctor,Hip Hop,676,380,johnson-odonnell.com,1993
man century,Hip Hop,536,381,compton.com,1998
free tend,Rap,143,382,thompson-rollins.com,1984
garden it,Soundtrack,32,383,stevens.org,2010
although ok,Rap,299,384,reed-mccarthy.com,1988
according form,Rap,736,385,smith.biz,1972
choice know,Country,281,386,costa.com,1970
wonder may,Heavy Metal,200,387,torres.com,1991
office sort,Metal,845,388,thompson.com,2016
star task,EDM,528,389,garrison.com,2016
stage line,Rap,779,390,lambert-harris.com,2020
fund enjoy,Heavy Metal,828,391,alexander-wright.net,1981
professor address,Rap,201,392,rivera.com,2006
rise guess,Rap,321,393,newman.com,2000
table rest,EDM,677,394,wallace-scott.com,1994
they market,Country,623,395,padilla-kerr.com,1996
throughout single,EDM,274,396,smith.com,1993
third adult,Rap,776,397,gonzalez.com,1987
capital popular,Country,541,398,tran.info,1972
term back,Hip Hop,933,399,lopez-peterson.com,1980
run continue,Metal,406,400,garrett.com,2007
career serve,Rock,231,401,hicks.com,2019
avoid get,Metal,639,402,finley.biz,2005
human bring,Pop,239,403,jensen.com,2010
parent also,Hip Hop,318,404,russell.info,2004
account happen,EDM,934,405,sanders-johnson.com,1994
indicate since,Rock,414,406,lucas.net,1973
treatment growth,EDM,458,407,morrison.com,2019
foot policy,Country,669,408,alvarez.com,1993
most arm,Heavy Metal,804,409,conrad.info,1987
right it,Pop,739,410,barker.org,1982
produce ok,Hip Hop,811,411,sims.com,2019
energy expect,Hip Hop,835,412,townsend-smith.com,1976
my spring,Hip Hop,688,413,welch.com,1998
move particular,Soundtrack,781,414,gonzalez.com,1970
garden section,Rock,198,415,phillips.biz,1981
subject would,Rap,253,416,johnson.org,1974
court likely,EDM,332,417,paul.com,2019
necessary fund,Heavy Metal,53,418,johnson.com,1975
show morning,Rap,543,419,mitchell.info,1985
interview big,Rap,933,420,murray.info,1972
position since,Heavy Metal,647,421,mcdaniel-randolph.com,2003
billion care,Hip Hop,226,422,stevens-anderson.com,2012
structure entire,Rock,416,423,alexander-rodriguez.info,1973
nice pressure,Pop,563,424,jackson-sweeney.com,1986
pick my,Soundtrack,330,425,wilson.com,1981
entire real,Rock,393,426,miller.com,1998
ahead cut,Rap,770,427,zimmerman-ortiz.com,1972
morning present,Soundtrack,411,428,schultz-young.net,2014
yard newspaper,Rock,142,429,hanson.org,1989
true painting,Heavy Metal,656,430,morales-ford.org,1998
real oil,Metal,32,431,sanchez.com,1988
risk article,Pop,85,432,haas.com,1990
job cost,EDM,933,433,thompson.com,2004
young will,Metal,818,434,matthews.com,1977
more daughter,Rap,736,435,erickson-rivera.com,1971
positive today,Rap,274,436,mckinney.com,2013
key language,Soundtrack,709,437,hendricks.com,1974
fish take,Pop,381,438,thompson.org,2012
sometimes marriage,EDM,165,439,calderon.com,2017
significant actually,Soundtrack,76,440,butler-johnson.com,2000
step course,EDM,81,441,lee-adams.org,1991
sort store,Soundtrack,735,442,taylor.com,2003
feeling word,Rock,905,443,willis-mcpherson.com,1985
start every,Pop,763,444,lutz.com,1981
level computer,Rock,781,445,duran.org,2020
buy throw,Soundtrack,408,446,peterson-williams.info,1986
art appear,Hip Hop,963,447,mccoy-romero.com,1984
what together,Country,598,448,buck.biz,2012
group dream,Rock,199,449,norris.com,2006
however while,Metal,687,450,velazquez-hernandez.biz,1982
store activity,EDM,192,451,flores.biz,1975
year research,Hip Hop,868,452,johnson.com,2005
cost woman,Heavy Metal,615,453,cannon.biz,1999
spend line,Soundtrack,987,454,sullivan.net,2008
effect success,Pop,859,455,sims.com,2004
people record,Metal,327,456,carter-kelly.net,2005
bar part,Pop,363,457,craig-goodman.org,2005
expect check,Country,571,458,lamb-king.com,2004
career yourself,EDM,814,459,fletcher-booth.com,1980
institution west,EDM,475,460,watkins-harris.biz,1974
security talk,Rock,618,461,smith-smith.com,1992
do professional,Pop,515,462,chavez.com,2014
dream relationship,EDM,313,463,miller.info,2010
friend its,Heavy Metal,993,464,jones-davis.com,2010
anything culture,Metal,858,465,jones.com,1978
social join,Rap,134,466,campbell-pugh.com,2008
sound catch,Rap,514,467,fox.com,2003
current feeling,Soundtrack,54,468,carroll-allen.com,2008
raise back,Pop,398,469,sutton.com,2008
sometimes voice,EDM,222,470,hunter.info,2005
husband today,Metal,641,471,brown.org,1988
program society,Soundtrack,465,472,richardson.org,2019
different decade,Pop,717,473,smith.com,2017
season campaign,Pop,796,474,aguilar-delgado.com,1994
prove become,Rock,175,475,montoya.com,1990
single change,Rock,785,476,cruz-brown.biz,2009
member level,Rock,136,477,huang.com,2005
feel phone,Soundtrack,91,478,thompson.org,1973
this own,Rock,124,479,navarro.info,1997
capital exist,EDM,592,480,ramos.com,1997
class understand,Rap,508,481,turner.com,1995
course agent,Hip Hop,350,482,morris-jordan.info,1996
among the,Pop,945,483,crosby.biz,1982
allow cause,Hip Hop,207,484,hicks.biz,1986
cut Mrs,EDM,740,485,taylor.com,1991
easy discussion,Rock,497,486,pratt.org,1987
concern of,EDM,714,487,barrett.com,1980
more peace,Heavy Metal,809,488,nash-webb.net,1995
strategy collection,Pop,952,489,smith.com,1998
mention or,Pop,490,490,stafford.info,2000
determine film,Country,645,491,cuevas-jackson.com,2001
current country,Rock,122,492,blake.com,2017
between series,Hip Hop,305,493,davenport-bartlett.com,1973
away add,Metal,309,494,reed.com,1970
second wear,Metal,811,495,rivera-miller.com,2017
matter soon,Rap,915,496,harrison.org,2006
source story,Soundtrack,623,497,mitchell.com,1974
chance break,Rap,837,498,henry.com,1994
financial summer,Metal,49,499,bishop-jackson.com,1989
impact fight,Hip Hop,445,500,freeman-garza.org,1996
management our,Pop,890,501,butler.com,2012
still surface,Heavy Metal,563,502,taylor.com,1997
other food,Heavy Metal,984,503,cohen-fields.com,1990
economic budget,EDM,571,504,smith-thomas.biz,2003
put learn,Country,699,505,lee.com,2017
model about,Heavy Metal,635,506,lewis-rogers.net,1982
team red,Soundtrack,725,507,nixon.com,2017
drive scene,Rock,661,508,best.info,1971
call push,Rap,121,509,moore-vance.org,1987
wind after,Soundtrack,106,510,anderson-campos.net,2010
church adult,Metal,248,511,ellis.com,1998
fight fly,Country,876,512,ramirez-kaiser.com,2000
effort election,Rap,158,513,buchanan.com,1979
every represent,Pop,997,514,brown.com,1990
thing gas,Metal,476,515,wolfe.biz,2014
industry whom,Metal,892,516,carlson-thomas.com,1997
stock each,Rock,461,517,ruiz-robinson.com,2018
thank happen,Metal,798,518,hancock.com,1974
positive although,EDM,755,519,cruz.com,2018
admit group,Country,533,520,jones.org,2003
concern true,Pop,822,521,kelly-vincent.info,2002
early show,Soundtrack,969,522,kelly-mueller.com,1998
wonder improve,Pop,559,523,mills-robertson.com,1985
safe of,Rock,66,524,fuller.com,2020
night last,Metal,724,525,king-cooper.com,1985
still baby,Heavy Metal,733,526,ramirez.com,1992
senior may,Country,85,527,parks.com,1971
speech material,Pop,124,528,barajas.info,2013
less music,EDM,187,529,mitchell.info,2001
natural your,Pop,488,530,jones-moyer.com,1976
store simply,EDM,329,531,king.com,1976
industry phone,Rock,818,532,daniel.net,1977
treat century,Soundtrack,582,533,jones.info,1990
their people,Heavy Metal,201,534,holt.info,2011
appear worker,Rap,850,535,barron.com,1974
cut weight,Country,459,536,payne.com,1979
production share,Rock,595,537,adams.net,1978
area development,Rap,100,538,hart.com,1970
compare mouth,Hip Hop,212,539,sweeney-simmons.com,1976
kitchen bed,Rap,929,540,walters.com,2003
smile inside,Country,513,541,hill-rios.com,2016
along sister,Rap,919,542,smith.com,1977
lose color,Metal,40,543,phillips.biz,1975
bar report,Hip Hop,700,544,cross-callahan.info,2013
report reveal,Hip Hop,877,545,villegas.net,2017
vote store,Hip Hop,965,546,johnson.com,2017
far benefit,Rock,36,547,walker-houston.com,2012
century decide,Hip Hop,928,548,lane.biz,1988
later school,Country,873,549,holt-smith.org,2020
yard newspaper,Rock,422,550,harris-nelson.com,2007
provide more,EDM,917,551,davis.biz,1991
wife star,Hip Hop,691,552,byrd.com,1989
check eight,Metal,259,553,anderson-kent.org,2005
break middle,Rock,387,554,young.biz,1994
city cause,Hip Hop,919,555,ward-shannon.com,2008
office green,Soundtrack,128,556,doyle-pena.net,1989
price since,Heavy Metal,693,557,proctor.com,2014
true side,Hip Hop,523,558,phillips-reed.biz,1991
upon food,Pop,927,559,klein.biz,1987
about need,Pop,279,560,allen.com,2015
energy myself,Hip Hop,550,561,peters.com,2015
write represent,Heavy Metal,701,562,campbell-williams.com,2011
about various,Pop,372,563,johnson.com,1996
participant indicate,Pop,647,564,franklin-middleton.info,1975
authority why,EDM,346,565,roach.com,1981
activity concern,Soundtrack,859,566,cain-davis.com,1998
Mr common,Soundtrack,92,567,gay.com,2010
upon my,Heavy Metal,158,568,waters.net,1997
Mrs production,Rap,772,569,peterson.com,2009
specific yet,Heavy Metal,327,570,pierce.net,1993
cut fire,Pop,880,571,obrien.com,2001
difference change,Rock,527,572,white.com,2014
during finish,Soundtrack,490,573,sanchez.com,2018
art result,Heavy Metal,446,574,espinoza.com,1970
avoid citizen,Soundtrack,441,575,green.com,1986
agreement job,Metal,582,576,wheeler.com,1992
fly between,Soundtrack,595,577,frost.com,1986
person firm,Country,821,578,smith.com,1970
choice each,Metal,230,579,graham.com,2015
can experience,Rock,253,580,velazquez.com,2006
total model,Soundtrack,982,581,moore-price.com,2001
anything stuff,EDM,982,582,shea-skinner.com,1995
space include,Rap,527,583,sanchez-marshall.com,2016
manager those,Country,54,584,richards.com,1989
describe president,Rock,60,585,schultz.com,2015
meeting food,EDM,225,586,williams.com,1971
so oil,Metal,993,587,guerra.net,1972
short billion,Hip Hop,454,588,freeman.com,2005
information land,Heavy Metal,223,589,nguyen.com,1983
question establish,Hip Hop,431,590,smith.com,1999
hard hold,EDM,615,591,hester.info,1998
model politics,Metal,59,592,harrison.com,1994
reveal once,Country,933,593,mckinney.com,1970
fall author,Metal,804,594,bauer.com,1972
visit third,EDM,627,595,lin-miller.com,2017
raise also,EDM,522,596,mcdaniel-stark.net,1970
help play,Country,794,597,fisher.com,1989
between us,Hip Hop,991,598,bush-flores.com,1997
decision fish,Metal,675,599,jones.com,2005
threat still,Pop,650,600,johnson.info,1997
foot nothing,Soundtrack,587,601,hicks.com,1981
change plant,Hip Hop,824,602,kelly.com,2002
enjoy trade,Metal,771,603,perez.biz,2011
respond participant,Rap,187,604,harris-gonzalez.biz,1994
suffer first,Rock,135,605,roberts.com,1979
floor she,Rock,710,606,green.com,2001
despite term,Rap,720,607,serrano.com,1971
hot give,Soundtrack,40,608,jimenez-nelson.com,1997
fill improve,Hip Hop,189,609,peterson-keller.org,2003
also attack,Soundtrack,290,610,snyder.com,1983
young kid,Soundtrack,305,611,lopez-smith.biz,1981
ago skill,Country,98,612,evans-jackson.com,1987
history debate,Metal,228,613,fernandez.com,2012
research these,Rap,271,614,hill.info,2014
region style,Pop,37,615,james.com,1987
expert pick,Hip Hop,153,616,roberts.com,2001
wide real,Hip Hop,979,617,davis.org,2018
ever stay,Soundtrack,731,618,strong.com,2008
space court,Metal,855,619,fisher-rodgers.com,1979
indeed indeed,Soundtrack,511,620,nelson-butler.info,2010
themselves summer,Pop,848,621,martinez.org,2020
per hand,Country,311,622,brown.com,2016
tax effort,Country,631,623,wheeler.com,1988
impact himself,Country,477,624,hunter.com,2007
on successful,Rock,566,625,khan.com,1973
forget during,EDM,984,626,hunter.com,1975
see keep,EDM,162,627,pruitt.biz,1996
risk star,EDM,1000,628,jacobs.biz,1999
point board,Pop,236,629,mcfarland.biz,2008
newspaper point,EDM,599,630,burns-aguilar.org,2011
group truth,Hip Hop,428,631,griffin-drake.com,1972
buy knowledge,EDM,701,632,webster-bryant.info,1986
could recent,Soundtrack,588,633,ramos-hensley.net,2005
cover can,Rap,425,634,love.net,2013
Republican town,Rock,930,635,robinson-hopkins.info,2005
cause time,Rock,800,636,love.com,2020
example great,Rock,241,637,walker.com,1988
put friend,Rap,588,638,quinn.info,1999
campaign its,Hip Hop,274,639,sanchez.com,1992
beyond thought,Hip Hop,912,640,walters-green.biz,2010
everybody popular,Rock,619,641,evans-miller.com,2002
doctor finally,Pop,532,642,morgan.com,1990
study ask,Metal,447,643,holloway.com,1994
general no,Metal,931,644,wright.com,2017
company lose,Rap,933,645,nelson.biz,1974
reveal analysis,Rap,846,646,gutierrez.biz,1980
at hand,Country,300,647,thompson.info,1975
college radio,Metal,396,648,clark-gill.com,2017
red beat,Soundtrack,786,649,green.com,1976
important include,Soundtrack,647,650,miller.org,2013
lot administration,Hip Hop,816,651,turner-fuller.com,2002
nothing approach,Hip Hop,311,652,mcintyre-yates.com,1974
his movie,Metal,517,653,vega.com,1977
common financial,Pop,484,654,chapman.com,1977
think threat,Pop,181,655,diaz.com,2018
poor add,Soundtrack,466,656,hopkins.com,1984
soldier upon,Country,703,657,garcia.com,1984
central century,Metal,149,658,johnson.com,1993
fast oil,Hip Hop,343,659,thomas.net,2019
middle play,Pop,436,660,graham.com,1996
total job,Metal,526,661,hunter.com,2014
oil evening,Rap,201,662,stone-howard.org,1994
doctor people,EDM,225,663,hammond.com,2008
who lead,Heavy Metal,44,664,martinez.com,2020
able suddenly,EDM,458,665,green.com,1977
president air,Pop,623,666,lopez.com,1997
land sister,Hip Hop,713,667,haynes.com,2015
field project,Soundtrack,469,668,moore-watts.com,1979
response realize,Metal,329,669,phillips.org,2008
within general,Rock,174,670,mcneil-spence.net,2003
with according,Heavy Metal,569,671,lopez.org,1984
likely develop,Heavy Metal,887,672,lucas-austin.net,1990
author quality,Rap,521,673,bradley-gomez.biz,1992
upon ago,Heavy Metal,414,674,erickson-perry.biz,2004
land really,Metal,371,675,edwards.info,2009
it machine,Heavy Metal,943,676,stokes.com,1983
well who,Rock,512,677,jackson-brooks.net,2015
sense issue,Hip Hop,821,678,mccarthy.com,2013
black decide,Soundtrack,979,679,cunningham.com,1999
think message,Soundtrack,828,680,carroll-bullock.com,2004
special office,Hip Hop,837,681,franco.com,2015
field laugh,Metal,368,682,moore.org,1991
yourself hotel,Heavy Metal,419,683,collins.org,1995
level choice,Soundtrack,821,684,hodges-gomez.com,1995
southern leader,Hip Hop,694,685,jackson.biz,1994
film station,Metal,66,686,wright-williams.com,1980
value eye,Soundtrack,639,687,austin.com,2020
available policy,Hip Hop,376,688,mills.info,1970
large ok,EDM,216,689,wagner.net,1990
employee least,Hip Hop,566,690,cook.com,1999
here bit,Metal,288,691,king.com,1979
recent wait,Rap,989,692,smith.info,1987
as exactly,Soundtrack,331,693,blackwell.com,2001
kid someone,Hip Hop,667,694,chambers.info,1981
trouble third,Heavy Metal,497,695,washington.biz,1987
open difference,Pop,330,696,gutierrez.org,2017
stock so,EDM,536,697,phillips-shelton.com,1986
example choose,Hip Hop,33,698,dickson-livingston.org,2014
success evening,Rock,174,699,scott.com,1999
according government,Soundtrack,957,700,long.com,1972
stage indicate,Rap,548,701,martinez-jones.com,1979
require give,Hip Hop,711,702,maddox-harrison.info,2003
young way,Metal,116,703,flores-harris.org,1973
suffer there,Metal,563,704,friedman.com,2005
west board,Soundtrack,478,705,perry.com,2010
catch stand,Metal,915,706,taylor.com,2000
himself ground,Hip Hop,114,707,bautista.org,1988
law pressure,Country,207,708,rivera.com,1971
news half,EDM,192,709,robertson-kelly.biz,1991
every capital,Hip Hop,736,710,caldwell-rice.com,2013
one whether,Rap,744,711,cummings.com,2003
science watch,Rap,50,712,wells-jones.com,1997
possible positive,Heavy Metal,466,713,smith.com,2001
its well,Heavy Metal,248,714,perry.com,1982
people indicate,Country,866,715,nelson.net,1972
national scene,Country,391,716,yoder.org,1984
test somebody,Rock,234,717,austin-gray.com,1991
child like,Country,513,718,harris-wallace.com,1985
grow mother,Soundtrack,402,719,martinez.com,2008
claim whether,Pop,519,720,mcdonald.com,1984
whom reflect,Rock,935,721,alexander-roth.com,2012
themselves task,EDM,824,722,wade.com,2018
conference program,Heavy Metal,700,723,harris-anderson.com,2004
trial seat,EDM,32,724,williams.info,2013
behind simple,Heavy Metal,682,725,morgan.com,1985
policy simply,Soundtrack,571,726,spence.com,1973
book wall,Country,235,727,phillips.com,2019
federal act,Pop,103,728,gonzales-hopkins.com,1975
save paper,Pop,948,729,lopez.com,2013
nothing another,Soundtrack,543,730,garcia.com,2004
happy inside,Hip Hop,733,731,ramsey-mills.com,1987
may focus,Soundtrack,912,732,wilson.biz,2005
start usually,Rock,790,733,pham.com,1986
interesting perhaps,EDM,267,734,brock-jones.info,1978
may often,EDM,910,735,carlson.com,1977
man free,EDM,151,736,jones-merritt.com,1985
scientist laugh,Rock,336,737,knight.org,2015
Mr fine,Rock,740,738,bryant.com,1998
character set,Country,268,739,jacobs-murphy.net,1997
space camera,Rock,803,740,lewis-humphrey.com,2013
old huge,Soundtrack,740,741,choi.com,1991
range arm,Soundtrack,471,742,marsh.com,1992
society focus,Soundtrack,702,743,martinez.com,1987
position improve,Heavy Metal,164,744,osborn-mcclure.com,2007
everyone cup,Pop,57,745,allen.biz,1976
miss throw,EDM,514,746,meyer-villegas.com,2011
address home,Soundtrack,45,747,graves.com,2009
cause character,Country,845,748,edwards.com,1973
loss visit,Metal,254,749,thomas-barrera.com,2003
care TV,EDM,513,750,oneal-adams.com,2013
agreement blue,Rock,804,751,smith.com,1976
chance hope,Country,626,752,collins.com,1984
mean approach,Soundtrack,497,753,blake.com,1973
help every,Country,125,754,warren.info,1970
you find,Metal,652,755,torres.com,1993
girl wrong,Heavy Metal,912,756,smith.com,1975
somebody billion,EDM,695,757,decker.com,1974
laugh practice,EDM,902,758,solis-stein.com,2019
explain than,Hip Hop,48,759,carrillo.biz,1986
structure often,Pop,515,760,kline.org,2013
inside eight,Rap,952,761,obrien.com,1990
then whether,Hip Hop,278,762,may.com,1997
off technology,Pop,514,763,hampton.com,1985
medical yet,Rock,843,764,morgan.org,2010
base run,Metal,231,765,mann.com,1990
rule western,Rock,785,766,dawson.net,1992
ever political,Heavy Metal,205,767,flynn-higgins.com,2012
investment mean,Hip Hop,40,768,henson.com,1971
show minute,Country,150,769,cox.com,1979
yet part,Soundtrack,312,770,robertson.com,1998
cold daughter,Metal,433,771,mills-davis.com,2009
whose suddenly,Metal,575,772,evans-hendricks.com,1992
life trip,Heavy Metal,238,773,cole-gallagher.biz,2003
people perhaps,Rap,770,774,rose-robles.org,2009
such safe,Pop,477,775,hall.info,2018
where business,EDM,224,776,taylor.com,2016
whom value,Heavy Metal,113,777,davis.com,1996
seven three,Country,814,778,walker-kelly.com,2015
compare lay,Metal,527,779,singleton.net,1982
conference over,Soundtrack,243,780,kim-taylor.biz,1974
gas reduce,Country,462,781,weeks.org,2003
important cost,Metal,54,782,mcguire-mendez.com,2016
mouth west,Pop,604,783,smith.org,2020
key alone,Heavy Metal,518,784,pope-simon.com,1979
miss get,Pop,280,785,monroe.org,2003
result write,Hip Hop,46,786,jacobs.org,1985
image record,Hip Hop,207,787,fisher.com,1981
this discussion,Country,472,788,anderson.info,2013
success view,EDM,547,789,hernandez.org,1973
prevent rich,Metal,835,790,castro.org,1997
interview next,Rock,788,791,wood.com,2004
color pretty,Soundtrack,705,792,hernandez.net,1994
north size,Rap,762,793,ross-wilkins.org,1988
teach event,Country,266,794,smith.com,1974
improve large,Heavy Metal,643,795,jensen.com,2014
source explain,Country,787,796,jones.com,2005
without full,Hip Hop,410,797,crawford-frye.com,2002
various allow,Heavy Metal,703,798,wilson-reed.com,1984
that dinner,Rap,802,799,pearson.com,1984
receive everyone,Soundtrack,759,800,robinson.com,2001
rock public,Pop,502,801,page.com,1991
tonight one,Soundtrack,964,802,long.com,1988
chair ready,Rock,185,803,collins.info,1994
article heavy,Metal,673,804,thompson.com,1992
fine window,Pop,756,805,pruitt.net,1978
south political,Hip Hop,824,806,smith.com,2006
she leave,EDM,352,807,harris.com,1975
owner act,Metal,247,808,green-bell.com,1983
end section,Rap,224,809,mullen-anderson.com,1999
size stay,Rock,530,810,marsh.biz,1993
such teach,EDM,953,811,bradley.com,2000
lay different,EDM,612,812,johnson.com,1997
as its,Country,167,813,brown-walls.org,1992
strong marriage,Metal,252,814,flores-king.org,2008
pretty beyond,Rock,227,815,simon.com,1990
build find,Heavy Metal,276,816,diaz.com,2001
then himself,Heavy Metal,126,817,howard.com,1981
however pretty,Rock,296,818,scott.biz,1972
street long,Metal,640,819,carr.com,2004
civil leg,Country,616,820,hill.info,1997
save spring,EDM,850,821,rodriguez-morgan.org,1978
current single,Pop,360,822,orozco.com,1984
assume at,Country,322,823,lane.org,1997
major film,Pop,748,824,french-martinez.com,2013
article model,Rap,849,825,reed.net,2005
together let,EDM,970,826,peck.com,2000
policy agency,Metal,677,827,howell.com,1989
bad in,Rock,157,828,jennings-moore.com,1979
rich score,Pop,962,829,henry.info,2018
matter your,Metal,453,830,fisher-payne.com,1996
source exactly,Hip Hop,349,831,williams-jones.info,1979
computer run,Pop,604,832,benson.org,1972
environmental black,Heavy Metal,732,833,bates-garcia.org,2008
when suddenly,Metal,373,834,thompson.com,2013
talk everything,Rock,93,835,soto.net,1996
both compare,Heavy Metal,553,836,wallace-lopez.com,1985
build test,Metal,794,837,finley-berger.biz,2015
exist beat,Soundtrack,147,838,kim.com,1985
cause individual,Soundtrack,63,839,hughes.com,2010
baby another,EDM,536,840,adams.info,1992
window born,Hip Hop,448,841,allen-osborn.info,1984
low know,Pop,581,842,torres.com,2016
position charge,Soundtrack,334,843,taylor-adkins.com,2017
away support,Pop,174,844,cummings.com,1977
president appear,Country,708,845,gonzales-rivera.com,1976
research leave,Rock,103,846,sutton.net,2017
push strong,EDM,141,847,ball.com,1987
paper early,Soundtrack,465,848,cameron.info,2012
station make,Soundtrack,457,849,williams-martinez.info,2004
nor see,EDM,247,850,ruiz.biz,2015
thought consumer,Soundtrack,546,851,colon-jones.com,1999
response common,Soundtrack,912,852,kelly.info,2004
technology care,Soundtrack,209,853,marks.net,2014
newspaper check,EDM,787,854,nguyen-miller.com,1973
a vote,Rap,300,855,fuller.com,1998
others base,Rock,751,856,thompson.com,2005
threat job,Rock,445,857,morrison.info,2018
model part,Rock,607,858,coleman.com,2013
difference minute,EDM,441,859,cook.com,1990
simply beat,Country,657,860,gordon-walters.com,1986
resource account,EDM,79,861,vance.com,2000
learn save,Soundtrack,397,862,nicholson.com,1973
suddenly nature,Pop,483,863,kelly.com,1995
make side,EDM,503,864,wade-ingram.com,1984
population pretty,Rock,838,865,buchanan-wagner.com,1971
senior open,Pop,701,866,garner.com,2001
include unit,Heavy Metal,109,867,stevens.com,1988
degree current,Pop,342,868,hess-wong.com,1998
reflect wait,Soundtrack,30,869,weiss.info,2013
anything church,Rap,828,870,carter.com,2010
rate ago,Rap,333,871,johnson-obrien.info,1974
friend season,Rock,374,872,wilson.com,2020
key the,Hip Hop,556,873,young.org,2019
sure war,Heavy Metal,147,874,decker-ward.info,2016
movie be,Rap,917,875,velez.com,2007
later put,Metal,91,876,malone.com,1972
ability run,EDM,731,877,miller.com,2002
prevent American,Rap,427,878,simmons.org,1992
soldier table,Hip Hop,58,879,baker.info,1972
report sort,Country,494,880,dickerson.com,1993
list analysis,Rock,106,881,parrish.com,1997
him poor,Soundtrack,691,882,jennings-greer.info,1998
receive skin,Rap,131,883,jones.net,1976
view drive,EDM,849,884,lambert.com,1983
be loss,Heavy Metal,320,885,allen-hawkins.info,2006
hour owner,Hip Hop,329,886,castaneda-kennedy.org,2015
technology age,Heavy Metal,413,887,baldwin.com,1973
find world,Pop,283,888,mckinney.com,1973
yourself media,Heavy Metal,278,889,ramirez.org,1990
maintain picture,Country,128,890,davis-lynch.net,2014
take large,Soundtrack,934,891,henderson-larson.com,2019
everyone arm,Soundtrack,958,892,perez.com,2002
kid although,Soundtrack,784,893,barber.com,1995
against agent,Rap,208,894,trevino.com,1999
always anything,Pop,945,895,hanson.com,2011
available machine,Country,514,896,campbell.com,1991
develop open,Heavy Metal,221,897,taylor.biz,1989
lot remain,Heavy Metal,352,898,smith.com,1982
after themselves,Rock,130,899,kelly-morris.com,1975
expert nice,Pop,189,900,mercer-hernandez.biz,2010
fear rest,Country,66,901,rivas.com,2019
century hear,Rap,921,902,fields-davis.net,1980
money between,Pop,859,903,johnson.com,1995
catch ready,Pop,756,904,henry-russell.com,1979
today energy,Pop,982,905,hughes-bass.org,2008
official risk,EDM,249,906,parker-carroll.biz,1987
certainly card,Heavy Metal,196,907,hill.org,1973
theory point,Metal,323,908,leonard-pope.org,1993
ask bank,Hip Hop,88,909,herman.com,2007
mention us,Rock,838,910,collins.com,1973
cover piece,Rock,505,911,weeks.com,1995
the least,Pop,628,912,miller.info,1983
court cause,Pop,819,913,barnett.com,1984
choice suddenly,Heavy Metal,979,914,campos-simpson.com,2013
simply may,Metal,815,915,hopkins-calhoun.com,1975
majority everybody,Metal,316,916,oneill.com,2020
individual reality,Country,962,917,lara-herman.com,1995
what news,Rock,896,918,gross-tran.info,1982
talk bag,Heavy Metal,503,919,anderson-woods.com,1991
could firm,EDM,369,920,ferguson.com,1976
reduce human,Metal,217,921,shannon-dennis.org,2006
fill team,Country,862,922,miller-mendoza.biz,1985
least employee,Metal,240,923,mckee.com,1999
until note,Hip Hop,812,924,wright.com,2016
travel along,Country,164,925,good-hooper.com,1981
friend force,Heavy Metal,291,926,clay.net,2016
sport might,Rap,102,927,sparks.com,2015
table wait,Heavy Metal,374,928,graves.org,2000
land task,Rap,482,929,park-davis.org,1990
conference business,Country,554,930,simpson-lewis.info,1976
another may,Pop,582,931,tate.com,1997
power modern,Rap,125,932,reed.com,2018
memory dark,Hip Hop,376,933,hansen.com,2009
memory attorney,Hip Hop,645,934,rodriguez.com,2005
follow economy,Heavy Metal,681,935,krueger.com,2016
simple structure,Hip Hop,236,936,burns.info,2019
media sort,Country,945,937,kidd.net,1987
behind any,Rap,673,938,nguyen-kelly.com,1978
throw there,Country,181,939,saunders.info,1986
old husband,Country,631,940,edwards-stokes.org,2002
truth source,Rock,663,941,sanders.com,2008
lead us,Rock,339,942,jensen-evans.net,1994
indicate only,EDM,596,943,white.com,1998
dream reveal,Rock,465,944,powell-martinez.com,2005
indicate establish,EDM,609,945,coleman.net,2000
give add,Hip Hop,930,946,leonard.info,2011
even laugh,EDM,892,947,barton.info,1998
word star,Pop,140,948,barrett.com,2017
southern involve,Metal,744,949,williams.info,1984
middle security,Heavy Metal,319,950,baker.com,1980
dinner course,Heavy Metal,84,951,hammond.com,2013
American family,Metal,240,952,dickerson-williams.com,2008
yard door,EDM,373,953,duncan.biz,2010
so party,Metal,135,954,sellers.com,2000
education statement,Hip Hop,930,955,robertson-mclaughlin.com,2007
war or,Rap,726,956,moran-garrett.net,2000
store environment,Rock,529,957,stewart.org,1976
occur especially,Pop,729,958,willis.com,2002
figure president,Rock,339,959,castro.com,2010
whom difference,Heavy Metal,134,960,vang-oconnell.com,2001
other leg,Soundtrack,988,961,waters-nelson.org,2002
go do,Soundtrack,866,962,hays.info,1982
person ready,Country,862,963,lee.com,1982
wall boy,Rock,277,964,cooper-larson.com,1976
ask hair,Heavy Metal,887,965,ruiz.com,1990
throw leave,Rock,389,966,king.com,1973
something fill,EDM,376,967,white.com,2006
human money,Country,792,968,murillo-jackson.com,2006
state your,Rap,546,969,wolf-carson.com,1986
pay list,Heavy Metal,419,970,mendoza.com,1991
leave produce,Rap,94,971,goodman.info,1994
recently national,Heavy Metal,949,972,harris.com,1971
lawyer edge,Soundtrack,771,973,bryant.com,1988
major maybe,Rap,732,974,wilcox.com,1985
director to,Hip Hop,374,975,spencer.info,2018
before our,Rock,255,976,smith-morrison.com,1981
continue back,Pop,514,977,lindsey.biz,1989
style show,Pop,470,978,armstrong.net,2015
property eat,EDM,106,979,russo.info,1982
under most,Country,780,980,vasquez-allen.org,1983
ahead situation,Soundtrack,382,981,little-murphy.com,2016
movement second,Heavy Metal,93,982,jensen-garcia.net,1980
dream way,EDM,730,983,vega.biz,1997
control current,Country,601,984,patel-lin.com,2001
teach gas,Soundtrack,633,985,williams.com,2018
movie artist,Country,759,986,pearson.com,1978
talk well,Heavy Metal,172,987,spencer-hall.com,2006
bring many,Rap,655,988,benton.com,2005
investment third,Pop,949,989,warren.org,2002
history stage,Rock,783,990,mitchell-richards.com,1995
throughout perform,Heavy Metal,497,991,adams.com,2010
appear Republican,Rap,32,992,young.org,2009
everybody service,Country,167,993,acevedo-vasquez.info,1985
career wind,Country,297,994,burns.biz,2002
at rich,Hip Hop,275,995,scott.org,1995
energy personal,Metal,463,996,franco.info,1983
mention anyone,Heavy Metal,709,997,simmons-fields.com,2003
seven leader,Country,49,998,brewer.org,2005
step institution,Metal,285,999,evans.com,1979
history position,Metal,797,1000,parsons.info,1978
